{
    "from": "User",
    "inherits": "0.20mm Standard @Anycubic Kobra 3 0.4 nozzle",
    "inner_wall_line_width": "0.44",
    "internal_solid_infill_line_width": "0.48",
    "is_custom_defined": "0",
    "line_width": "0.44",
    "name": "0.20mm Standard @Anycubic Kobra 3 0.4 nozzle - Perfil-1-Control3D",
    "print_settings_id": "0.20mm Standard @Anycubic Kobra 3 0.4 nozzle - Perfil-1-Control3D",
    "sparse_infill_line_width": "0.48",
    "version": "1.3.2504.21",
    "wall_generator": "arachne"
}
