{
    "accel_to_decel_enable": "0",
    "bridge_acceleration": "0",
    "bridge_speed": "15",
    "brim_type": "no_brim",
    "default_acceleration": "500",
    "filename_format": "{input_filename_base}_{print_time}_{layer_height}_{filament_type[0]}.gcode",
    "from": "User",
    "gap_infill_speed": "40",
    "inherits": "0.20mm Standard @Anycubic Kobra 3 0.4 nozzle",
    "initial_layer_acceleration": "0",
    "initial_layer_infill_speed": "20",
    "initial_layer_speed": "20",
    "inner_wall_acceleration": "0",
    "inner_wall_speed": "40",
    "internal_solid_infill_acceleration": "0",
    "internal_solid_infill_speed": "70",
    "is_custom_defined": "0",
    "is_infill_first": "1",
    "name": "0.20mm Standard @Anycubic Kobra 3 0.4 nozzle - 20260128",
    "outer_wall_acceleration": "0",
    "outer_wall_speed": "20",
    "overhang_1_4_speed": "80",
    "overhang_2_4_speed": "60",
    "overhang_4_4_speed": "15",
    "print_settings_id": "0.20mm Standard @Anycubic Kobra 3 0.4 nozzle - 20260128",
    "raft_contact_distance": "0.2",
    "seam_gap": "0.2",
    "skirt_loops": "2",
    "skirt_type": "perobject",
    "slowdown_for_curled_perimeters": "1",
    "small_perimeter_speed": "20",
    "sparse_infill_acceleration": "0",
    "sparse_infill_pattern": "grid",
    "sparse_infill_speed": "70",
    "support_interface_speed": "40",
    "support_ironing": "1",
    "support_object_xy_distance": "0.75",
    "support_speed": "40",
    "support_threshold_angle": "30",
    "support_top_z_distance": "0.2",
    "top_shell_layers": "4",
    "top_shell_thickness": "0.8",
    "top_surface_acceleration": "0",
    "top_surface_speed": "20",
    "travel_acceleration": "500",
    "version": "2.3.1.10",
    "wall_generator": "arachne",
    "wall_loops": "3",
    "xy_contour_compensation": "-0.05"
}
