{
    "adaptive_bed_mesh_margin": "0",
    "auxiliary_fan": "0",
    "bbl_use_printhost": "0",
    "bed_custom_model": "",
    "bed_custom_texture": "",
    "bed_exclude_area": [],
    "bed_mesh_max": "0,0",
    "bed_mesh_min": "0,0",
    "bed_mesh_probe_distance": "0,0",
    "before_layer_change_gcode": "; BEFORE_LAYER_CHANGE [layer_num] @ [layer_z]mm",
    "best_object_pos": "0.5,0.5",
    "change_extrusion_role_gcode": "",
    "change_filament_gcode": "; FLUSH_START\n;;; M400 P0\nT[next_extruder] ; change extruder\n; 1\n;;; G1 E-2 F2400\n;;; G1 Z{max(toolchange_z+0.6, 5.0)} F600\n;;; G1 X271.5 F12000\n;;; G1 E-5 F600\n;;; G1 X278 F600\n;;; M400 P3530\n;;; G1 E-1 F600\n;;; G1 Z{max(toolchange_z+2.6, 7.0)}  F600\n;;; G1 X278 F18000\n;;; G1 X271.5 F1200\n;;; G1 E2 F300\n;;; M400 P31050\n;;; M400 P17510\n; 2\n;;; G1 X278 F18000\n;;; G1 X271.5 F1200\n;;; G1 E2 F300\n;;; M400 P0\n;;; G1 X250 F1200\n;;; M400 P0\n;;; G1 X278 F18000\n;;; G1 X271.5 F1200\n;;; G1 E2 F300\n;;; M400 P0\n; 3.1\n;;; M106 S255\n;;; G1 X36 Y260 Z-0.8 F9600\n;;; G1 X50 Y260 Z1 F9600\n;;; G1 X86 Y260 Z1 F9600\n;;; G1 X90 Y260 Z-0.8 F9600\n;;; G1 X90 Y259 Z-0.8 F9600\n;;; G1 X86 Y259 Z1 F9600\n;;; G1 X50 Y259 Z1 F9600\n;;; G1 X36 Y259 Z-0.8 F9600\n; 3.2\n;;; G1 X36 Y260 Z-0.8 F9600\n;;; G1 X50 Y260 Z1 F9600\n;;; G1 X86 Y260 Z1 F9600\n;;; G1 X90 Y260 Z-0.8 F9600\n;;; G1 X90 Y259 Z-0.8 F9600\n;;; G1 X86 Y259 Z1 F9600\n;;; G1 X50 Y259 Z1 F9600\n;;; G1 X36 Y259 Z-0.8 F9600\n; 3.3\n;;; G1 X36 Y260 Z-0.8 F9600\n;;; G1 X50 Y260 Z1 F9600\n;;; G1 X86 Y260 Z1 F9600\n;;; G1 X90 Y260 Z-0.8 F9600\n;;; G1 X90 Y259 Z-0.8 F9600\n;;; G1 X86 Y259 Z1 F9600\n;;; G1 X50 Y259 Z1 F9600\n;;; G1 X36 Y259 Z-0.8 F9600\n;;; G1 Z{toolchange_z}\n;;; M400 P0\n; FLUSH_END",
    "cooling_tube_length": "0",
    "cooling_tube_retraction": "0",
    "default_bed_type": "",
    "default_filament_profile": [
        "Anycubic PLA @Anycubic Kobra 3 0.4 nozzle"
    ],
    "default_print_profile": "0.16mm Optimal @Anycubic Kobra 3 0.4 nozzle",
    "deretraction_speed": [
        "60"
    ],
    "disable_m73": "1",
    "emit_machine_limits_to_gcode": "1",
    "enable_filament_ramming": "0",
    "enable_long_retraction_when_cut": "0",
    "extra_loading_move": "0",
    "extruder_clearance_height_to_lid": "200",
    "extruder_clearance_height_to_rod": "30",
    "extruder_clearance_radius": "130",
    "extruder_colour": [
        "#FF4D4F"
    ],
    "extruder_offset": [
        "0x0"
    ],
    "fan_kickstart": "0",
    "fan_speedup_overhangs": "1",
    "fan_speedup_time": "0",
    "from": "User",
    "gcode_flavor": "klipper",
    "head_wrap_detect_zone": [],
    "high_current_on_filament_swap": "0",
    "host_type": "octoprint",
    "inherits": "Anycubic Kobra 3 0.4 nozzle",
    "is_custom_defined": "0",
    "layer_change_gcode": "; AFTER_LAYER_CHANGE [layer_num] @ [layer_z]mm",
    "long_retractions_when_cut": [
        "0"
    ],
    "machine_end_gcode": "M400\nG92 E0 ; zero the extruder\nG1 E-2 F3600\n{if max_layer_z < max_print_height-1}G1 Z{max_layer_z+2} F900 ; Move print head further up{endif}\nG1 X250 Y220 F12000 ; present print\nM140 S0 ; turn off heatbed\nM104 S0 ; turn off temperature\nM107;turn off fan\nM84; disable stepper motors",
    "machine_load_filament_time": "42",
    "machine_max_acceleration_e": [
        "20000",
        "20000"
    ],
    "machine_max_acceleration_extruding": [
        "20000",
        "20000"
    ],
    "machine_max_acceleration_retracting": [
        "20000",
        "20000"
    ],
    "machine_max_acceleration_travel": [
        "20000",
        "20000"
    ],
    "machine_max_acceleration_x": [
        "20000",
        "15000"
    ],
    "machine_max_acceleration_y": [
        "20000",
        "15000"
    ],
    "machine_max_acceleration_z": [
        "3000",
        "5000"
    ],
    "machine_max_jerk_e": [
        "20",
        "10"
    ],
    "machine_max_jerk_x": [
        "20",
        "20"
    ],
    "machine_max_jerk_y": [
        "20",
        "20"
    ],
    "machine_max_jerk_z": [
        "20",
        "5"
    ],
    "machine_max_junction_deviation": [
        "0",
        "0"
    ],
    "machine_max_speed_e": [
        "600",
        "80"
    ],
    "machine_max_speed_x": [
        "600",
        "600"
    ],
    "machine_max_speed_y": [
        "600",
        "600"
    ],
    "machine_max_speed_z": [
        "20",
        "10"
    ],
    "machine_min_extruding_rate": [
        "0",
        "0"
    ],
    "machine_min_travel_rate": [
        "0",
        "0"
    ],
    "machine_pause_gcode": "M601",
    "machine_start_gcode": "G9111 bedTemp=[first_layer_bed_temperature] extruderTemp=[first_layer_temperature[initial_tool]]\nM117\nM900 K0.051\n; print_bed_min = {print_bed_min[0]},{print_bed_min[1]}\n; print_bed_max = {print_bed_max[0]},{print_bed_max[1]}\n; print_bed_size = {print_bed_size[0]},{print_bed_size[1]}\n; first_layer_print_min = {first_layer_print_min[0]},{first_layer_print_min[1]}\n; first_layer_print_max = {first_layer_print_max[0]},{first_layer_print_max[1]}\n; first_layer_print_size = {first_layer_print_size[0]},{first_layer_print_size[1]}",
    "machine_tool_change_time": "0",
    "machine_unload_filament_time": "0",
    "manual_filament_change": "0",
    "max_layer_height": [
        "0.28"
    ],
    "max_resonance_avoidance_speed": "120",
    "min_layer_height": [
        "0.08"
    ],
    "min_resonance_avoidance_speed": "70",
    "name": "Anycubic Kobra 3 0.4 nozzle - 20260128",
    "nozzle_diameter": [
        "0.4"
    ],
    "nozzle_height": "4",
    "nozzle_hrc": "0",
    "nozzle_type": "brass",
    "nozzle_volume": "58.7795",
    "parking_pos_retraction": "0",
    "pellet_modded_printer": "0",
    "preferred_orientation": "0",
    "printable_area": [
        "0x0",
        "255x0",
        "255x255",
        "0x255"
    ],
    "printable_height": "260",
    "printer_model": "Anycubic Kobra 3",
    "printer_notes": "He copiado la configuracion de la Anycubic Kobra 3 v2 de AnycubicSlicerNext basandome en el perfil del la Kobra 3 de OrcaSlicer",
    "printer_settings_id": "Anycubic Kobra 3 0.4 nozzle - 20260128",
    "printer_structure": "i3",
    "printer_technology": "FFF",
    "printer_variant": "0.4",
    "printhost_authorization_type": "key",
    "printhost_ssl_ignore_revoke": "0",
    "printing_by_object_gcode": "",
    "purge_in_prime_tower": "0",
    "resonance_avoidance": "0",
    "retract_before_wipe": [
        "0%"
    ],
    "retract_length_toolchange": [
        "0"
    ],
    "retract_lift_above": [
        "0.3"
    ],
    "retract_lift_below": [
        "259.6"
    ],
    "retract_lift_enforce": [
        "All Surfaces"
    ],
    "retract_restart_extra": [
        "0"
    ],
    "retract_restart_extra_toolchange": [
        "0"
    ],
    "retract_when_changing_layer": [
        "1"
    ],
    "retraction_distances_when_cut": [
        "18"
    ],
    "retraction_length": [
        "1"
    ],
    "retraction_minimum_travel": [
        "1"
    ],
    "retraction_speed": [
        "60"
    ],
    "scan_first_layer": "0",
    "silent_mode": "0",
    "single_extruder_multi_material": "1",
    "support_air_filtration": "1",
    "support_chamber_temp_control": "1",
    "support_multi_bed_types": "0",
    "template_custom_gcode": "",
    "thumbnails": "230x110/PNG",
    "thumbnails_format": "PNG",
    "time_cost": "0",
    "time_lapse_gcode": "",
    "travel_slope": [
        "3"
    ],
    "upward_compatible_machine": [],
    "use_firmware_retraction": "0",
    "use_relative_e_distances": "1",
    "version": "2.3.1.10",
    "wipe": [
        "1"
    ],
    "wipe_distance": [
        "2"
    ],
    "z_hop": [
        "0.4"
    ],
    "z_hop_types": [
        "Auto Lift"
    ],
    "z_offset": "0"
}
