{
    "activate_air_filtration": [
        "1"
    ],
    "default_filament_colour": [
        "#0D9AEE"
    ],
    "fan_cooling_layer_time": [
        "60"
    ],
    "fan_min_speed": [
        "100"
    ],
    "filament_deretraction_speed": [
        "40"
    ],
    "filament_flow_ratio": [
        "0.998"
    ],
    "filament_max_volumetric_speed": [
        "20"
    ],
    "filament_notes": [
        "- Temperatura del fabricante: 190-260\n- Calibraciones:\n   * Torre de temperatura ( 230-185): Veo muchos hilos en todos los grados. De 200 a 185 no veo diferencias notables, asi que me quedo con 200 para estar dentro del rango del fabricante.\n   * Test de caudal: Me quedo con 0,998\n   * Test presure advance: El test del cubo me sale perfecto de arriba a abajo, asi que lo activo de nuevo y lo pongo a 0\n   * Tes de velocidad: Las capas se ven bien hasta 31.80 que empiezan a verse menos uniforme\n   * Tes de retraccones: 1.5 (excel deja bastantes hilos pero muy finos, facil de quitar)\n                                       2: mismo resultado asi que lo dejo en 1.5 y cambio retraccion a 50 y la detraccion a 40 (en lugar de los 30 indicado por el curso), resultado menos pelos o al menos más delgados\n   * Test de tolerancias: Me da -0.15"
    ],
    "filament_retract_when_changing_layer": [
        "1"
    ],
    "filament_retraction_length": [
        "1.5"
    ],
    "filament_retraction_speed": [
        "50"
    ],
    "filament_settings_id": [
        "Anycubic PLA High Speed @Anycubic Kobra 3 0.4 nozzle - Jaime V2 - Excel Velocidades"
    ],
    "filament_wipe": [
        "1"
    ],
    "filament_wipe_distance": [
        "2"
    ],
    "filament_z_hop": [
        "0.2"
    ],
    "from": "User",
    "full_fan_speed_layer": [
        "4"
    ],
    "inherits": "Anycubic PLA High Speed @Anycubic Kobra 3 0.4 nozzle",
    "is_custom_defined": "0",
    "name": "Anycubic PLA High Speed @Anycubic Kobra 3 0.4 nozzle - Jaime V2 - Excel Velocidades",
    "nozzle_temperature": [
        "200"
    ],
    "nozzle_temperature_initial_layer": [
        "200"
    ],
    "overhang_fan_threshold": [
        "0%"
    ],
    "pressure_advance": [
        "0"
    ],
    "slow_down_layer_time": [
        "1"
    ],
    "slow_down_min_speed": [
        "10"
    ],
    "version": "2.3.1.10"
}
