{
    "activate_air_filtration": [
        "1"
    ],
    "default_filament_colour": [
        "#0D9AEE"
    ],
    "fan_cooling_layer_time": [
        "60"
    ],
    "fan_min_speed": [
        "100"
    ],
    "filament_notes": [
        "- Temperatura del fabricante: 190-260\n- Calibraciones:\n   * Torre de temperatura ( 230-185): Veo muchos hilos en todos los grados. De 200 a 185 no veo diferencias notables, asi que me quedo con 200 para estar dentro del rango del fabricante.\n   * Test de caudal 1: Entre 0 y -5 me quedo con 0 al ser el parametro más alto de los dos.\n   * Test de caudal 2: Entre -1 y -2, me quedo con menos. en Total 98% de caudal\n   * Test presure advance: algo no debo haber hecho bien ya que el objeto en con forma de \"casa\" a salido perfecto en todos los niveles\n"
    ],
    "filament_settings_id": [
        "Anycubic PLA High Speed @Anycubic Kobra 3 0.4 nozzle - Jaime V2"
    ],
    "from": "User",
    "full_fan_speed_layer": [
        "4"
    ],
    "inherits": "Anycubic PLA High Speed @Anycubic Kobra 3 0.4 nozzle",
    "is_custom_defined": "0",
    "name": "Anycubic PLA High Speed @Anycubic Kobra 3 0.4 nozzle - Jaime V2",
    "nozzle_temperature": [
        "200"
    ],
    "nozzle_temperature_initial_layer": [
        "200"
    ],
    "overhang_fan_threshold": [
        "0%"
    ],
    "slow_down_layer_time": [
        "1"
    ],
    "slow_down_min_speed": [
        "10"
    ],
    "version": "2.3.1.10"
}
