{
    "activate_air_filtration": [
        "1"
    ],
    "fan_cooling_layer_time": [
        "60"
    ],
    "fan_min_speed": [
        "100"
    ],
    "filament_settings_id": [
        "Anycubic PLA High Speed @Anycubic Kobra 3 0.4 nozzle - 20260128"
    ],
    "from": "User",
    "full_fan_speed_layer": [
        "4"
    ],
    "inherits": "Anycubic PLA High Speed @Anycubic Kobra 3 0.4 nozzle",
    "is_custom_defined": "0",
    "name": "Anycubic PLA High Speed @Anycubic Kobra 3 0.4 nozzle - 20260128",
    "nozzle_temperature": [
        "230"
    ],
    "nozzle_temperature_initial_layer": [
        "230"
    ],
    "overhang_fan_threshold": [
        "0%"
    ],
    "slow_down_layer_time": [
        "15"
    ],
    "slow_down_min_speed": [
        "10"
    ],
    "version": "2.3.1.10"
}
